symbol,strike,type,expiration,TTM_days,mark_price,last_price,volume,open_interest,underlying_price
BTC-15JUN25-94000-C,94000.0,Call,2025-06-15,0.08,0.11290698,,0.0,0.0,105964.66544620582
BTC-15JUN25-94000-P,94000.0,Put,2025-06-15,0.08,0.0,,3.1,81.2,105964.66544620582
BTC-15JUN25-96000-C,96000.0,Call,2025-06-15,0.08,0.09403266,,0.0,0.0,105964.66544620582
BTC-15JUN25-96000-P,96000.0,Put,2025-06-15,0.08,0.0,,5.1,30.3,105964.66544620582
BTC-15JUN25-98000-C,98000.0,Call,2025-06-15,0.08,0.07515834,,0.0,0.0,105964.66544620582
BTC-15JUN25-98000-P,98000.0,Put,2025-06-15,0.08,0.0,,32.3,46.0,105964.66544620582
BTC-15JUN25-100000-C,100000.0,Call,2025-06-15,0.08,0.05628402,,0.0,0.0,105964.66544620582
BTC-15JUN25-100000-P,100000.0,Put,2025-06-15,0.08,0.0,,10.8,148.2,105964.66544620582
BTC-15JUN25-101000-C,101000.0,Call,2025-06-15,0.08,0.04684686,,0.0,0.0,105964.66544620582
BTC-15JUN25-101000-P,101000.0,Put,2025-06-15,0.08,0.0,,17.1,78.3,105964.66544620582
BTC-15JUN25-102000-C,102000.0,Call,2025-06-15,0.08,0.03740981,,0.2,0.9,105964.66544620582
BTC-15JUN25-102000-P,102000.0,Put,2025-06-15,0.08,1.1e-07,,22.1,182.3,105964.66544620582
BTC-15JUN25-103000-C,103000.0,Call,2025-06-15,0.08,0.02797265,,0.2,3.1,105964.66544620582
BTC-15JUN25-103000-P,103000.0,Put,2025-06-15,0.08,1.1e-07,,126.6,234.9,105964.66544620582
BTC-15JUN25-103500-C,103500.0,Call,2025-06-15,0.08,0.02325406,,0.5,0.5,105964.66544620582
BTC-15JUN25-103500-P,103500.0,Put,2025-06-15,0.08,1e-07,,17.7,15.3,105964.66544620582
BTC-15JUN25-104000-C,104000.0,Call,2025-06-15,0.08,0.01853561,,0.1,34.1,105964.66544620582
BTC-15JUN25-104000-P,104000.0,Put,2025-06-15,0.08,2.3e-07,,51.3,158.4,105964.66544620582
BTC-15JUN25-104500-C,104500.0,Call,2025-06-15,0.08,0.01381838,,45.9,44.4,105966.60754357204
BTC-15JUN25-104500-P,104500.0,Put,2025-06-15,0.08,1.58e-06,,91.3,68.3,105964.66544620582
BTC-15JUN25-105000-C,105000.0,Call,2025-06-15,0.08,0.00910959,,94.3,299.7,105964.66544620582
BTC-15JUN25-105000-P,105000.0,Put,2025-06-15,0.08,1.138e-05,,76.7,250.4,105964.66544620582
BTC-15JUN25-105500-C,105500.0,Call,2025-06-15,0.08,0.00445394,,54.1,38.6,105966.60754357204
BTC-15JUN25-105500-P,105500.0,Put,2025-06-15,0.08,7.43e-05,,23.2,21.8,105964.66544620582
BTC-15JUN25-106000-C,106000.0,Call,2025-06-15,0.08,0.00069573,,85.8,252.4,105967.31958942262
BTC-15JUN25-106000-P,106000.0,Put,2025-06-15,0.08,0.00103467,,37.9,179.5,105964.66544620582
BTC-15JUN25-106500-C,106500.0,Call,2025-06-15,0.08,7.972e-05,,51.5,14.3,105964.66544620582
BTC-15JUN25-106500-P,106500.0,Put,2025-06-15,0.08,0.00513724,,0.0,0.0,105964.66544620582
BTC-15JUN25-107000-C,107000.0,Call,2025-06-15,0.08,1.284e-05,,64.2,187.3,105964.66544620582
BTC-15JUN25-107000-P,107000.0,Put,2025-06-15,0.08,0.00978894,,0.0,9.7,105964.66544620582
BTC-15JUN25-108000-C,108000.0,Call,2025-06-15,0.08,2.3e-07,,32.1,97.2,105964.66544620582
BTC-15JUN25-108000-P,108000.0,Put,2025-06-15,0.08,0.01921349,,0.2,37.1,105964.66544620582
BTC-15JUN25-109000-C,109000.0,Call,2025-06-15,0.08,1e-08,,17.6,85.4,105964.66544620582
BTC-15JUN25-109000-P,109000.0,Put,2025-06-15,0.08,0.02865043,,0.0,0.1,105964.66544620582
BTC-15JUN25-110000-C,110000.0,Call,2025-06-15,0.08,0.0,,11.1,53.2,105964.66544620582
BTC-15JUN25-110000-P,110000.0,Put,2025-06-15,0.08,0.03808758,,0.0,0.0,105964.66544620582
BTC-15JUN25-111000-C,111000.0,Call,2025-06-15,0.08,0.0,,0.5,118.8,105964.66544620582
BTC-15JUN25-111000-P,111000.0,Put,2025-06-15,0.08,0.04752474,,0.0,0.1,105964.66544620582
BTC-15JUN25-112000-C,112000.0,Call,2025-06-15,0.08,0.0,,0.1,26.0,105964.66544620582
BTC-15JUN25-112000-P,112000.0,Put,2025-06-15,0.08,0.0569619,,0.0,0.0,105964.66544620582
BTC-15JUN25-113000-C,113000.0,Call,2025-06-15,0.08,0.0,,0.0,14.1,105964.66544620582
BTC-15JUN25-113000-P,113000.0,Put,2025-06-15,0.08,0.06639906,,0.0,0.0,105964.66544620582
BTC-15JUN25-114000-C,114000.0,Call,2025-06-15,0.08,0.0,,0.0,6.2,105964.66544620582
BTC-15JUN25-114000-P,114000.0,Put,2025-06-15,0.08,0.07583622,,0.0,0.0,105964.66544620582
BTC-15JUN25-115000-C,115000.0,Call,2025-06-15,0.08,0.0,,0.0,5.4,105964.66544620582
BTC-15JUN25-115000-P,115000.0,Put,2025-06-15,0.08,0.08527338,,0.0,0.0,105964.66544620582
BTC-15JUN25-116000-C,116000.0,Call,2025-06-15,0.08,0.0,,0.0,58.1,105964.66544620582
BTC-15JUN25-116000-P,116000.0,Put,2025-06-15,0.08,0.09471054,,0.0,0.0,105964.66544620582
BTC-15JUN25-118000-C,118000.0,Call,2025-06-15,0.08,0.0,,0.0,0.0,105964.66544620582
BTC-15JUN25-118000-P,118000.0,Put,2025-06-15,0.08,0.11358486,,0.0,0.0,105964.66544620582
BTC-15JUN25-120000-C,120000.0,Call,2025-06-15,0.08,0.0,,0.0,0.1,105964.66544620582
BTC-15JUN25-120000-P,120000.0,Put,2025-06-15,0.08,0.13245918,,0.0,0.0,105964.66544620582
BTC-15JUN25-122000-C,122000.0,Call,2025-06-15,0.08,0.0,,0.0,1.2,105964.66544620582
BTC-15JUN25-122000-P,122000.0,Put,2025-06-15,0.08,0.1513335,,0.0,0.0,105964.66544620582
BTC-15JUN25-124000-C,124000.0,Call,2025-06-15,0.08,0.0,,0.0,0.0,105964.66544620582
BTC-15JUN25-124000-P,124000.0,Put,2025-06-15,0.08,0.17020782,,0.0,0.0,105964.66544620582
BTC-15JUN25-126000-C,126000.0,Call,2025-06-15,0.08,0.0,,0.0,0.0,105964.66544620582
BTC-15JUN25-126000-P,126000.0,Put,2025-06-15,0.08,0.18908214,,0.0,0.0,105964.66544620582
BTC-16JUN25-94000-C,94000.0,Call,2025-06-16,1.08,0.11297821,,0.0,0.0,105969.23235696467
BTC-16JUN25-94000-P,94000.0,Put,2025-06-16,1.08,3.31e-05,,13.2,55.2,105969.23235696467
BTC-16JUN25-96000-C,96000.0,Call,2025-06-16,1.08,0.09412137,,0.0,0.0,105969.23235696467
BTC-16JUN25-96000-P,96000.0,Put,2025-06-16,1.08,4.977e-05,,25.2,25.8,105969.23235696467
BTC-16JUN25-98000-C,98000.0,Call,2025-06-16,1.08,0.0753797,,0.0,0.0,105969.23235696467
BTC-16JUN25-98000-P,98000.0,Put,2025-06-16,1.08,0.0001816,,39.4,95.2,105969.23235696467
BTC-16JUN25-100000-C,100000.0,Call,2025-06-16,1.08,0.05665552,,0.0,0.0,105969.23235696467
BTC-16JUN25-100000-P,100000.0,Put,2025-06-16,1.08,0.00033093,,26.9,630.2,105969.23235696467
BTC-16JUN25-101000-C,101000.0,Call,2025-06-16,1.08,0.04733861,,0.0,0.0,105969.23235696467
BTC-16JUN25-101000-P,101000.0,Put,2025-06-16,1.08,0.00045078,,31.5,822.7,105969.23235696467
BTC-16JUN25-102000-C,102000.0,Call,2025-06-16,1.08,0.03814432,,0.3,0.6,105969.23235696467
BTC-16JUN25-102000-P,102000.0,Put,2025-06-16,1.08,0.00069325,,43.5,346.6,105969.28239864427
BTC-16JUN25-103000-C,103000.0,Call,2025-06-16,1.08,0.02916076,,0.7,1.6,105969.23235696467
BTC-16JUN25-103000-P,103000.0,Put,2025-06-16,1.08,0.00114644,,101.5,218.7,105969.23235696467
BTC-16JUN25-104000-C,104000.0,Call,2025-06-16,1.08,0.02058493,,4.7,15.7,105969.23235696467
BTC-16JUN25-104000-P,104000.0,Put,2025-06-16,1.08,0.00200737,,28.1,177.1,105969.23235696467
BTC-16JUN25-105000-C,105000.0,Call,2025-06-16,1.08,0.01279561,,25.5,70.3,105969.23235696467
BTC-16JUN25-105000-P,105000.0,Put,2025-06-16,1.08,0.0036548,,100.9,351.9,105969.28239864427
BTC-16JUN25-106000-C,106000.0,Call,2025-06-16,1.08,0.00632957,,56.6,62.1,105969.23235696467
BTC-16JUN25-106000-P,106000.0,Put,2025-06-16,1.08,0.00662551,,15.9,45.0,105969.23235696467
BTC-16JUN25-107000-C,107000.0,Call,2025-06-16,1.08,0.00242432,,36.3,72.5,105969.23235696467
BTC-16JUN25-107000-P,107000.0,Put,2025-06-16,1.08,0.01215702,,1.0,2.5,105969.23235696467
BTC-16JUN25-108000-C,108000.0,Call,2025-06-16,1.08,0.00081411,,39.0,103.9,105969.23235696467
BTC-16JUN25-108000-P,108000.0,Put,2025-06-16,1.08,0.01998356,,0.0,0.0,105969.23235696467
BTC-16JUN25-109000-C,109000.0,Call,2025-06-16,1.08,0.00029582,,52.4,63.0,105969.23235696467
BTC-16JUN25-109000-P,109000.0,Put,2025-06-16,1.08,0.02890203,,0.0,0.0,105969.23235696467
BTC-16JUN25-110000-C,110000.0,Call,2025-06-16,1.08,0.00021046,,67.0,81.3,105969.23235696467
BTC-16JUN25-110000-P,110000.0,Put,2025-06-16,1.08,0.03825342,,0.0,0.0,105969.23235696467
BTC-16JUN25-111000-C,111000.0,Call,2025-06-16,1.08,7.912e-05,,19.1,39.8,105969.23235696467
BTC-16JUN25-111000-P,111000.0,Put,2025-06-16,1.08,0.04755883,,0.0,0.0,105969.23235696467
BTC-16JUN25-112000-C,112000.0,Call,2025-06-16,1.08,6.481e-05,,4.3,17.5,105969.23235696467
BTC-16JUN25-112000-P,112000.0,Put,2025-06-16,1.08,0.05698127,,0.0,0.0,105969.23235696467
BTC-16JUN25-114000-C,114000.0,Call,2025-06-16,1.08,5.97e-06,,0.0,1.9,105969.23235696467
BTC-16JUN25-114000-P,114000.0,Put,2025-06-16,1.08,0.07579595,,0.0,0.0,105969.23235696467
BTC-16JUN25-116000-C,116000.0,Call,2025-06-16,1.08,3.37e-06,,0.0,27.8,105969.23235696467
BTC-16JUN25-116000-P,116000.0,Put,2025-06-16,1.08,0.09466685,,0.0,0.0,105969.23235696467
BTC-16JUN25-118000-C,118000.0,Call,2025-06-16,1.08,8.4e-07,,0.0,0.1,105969.23235696467
BTC-16JUN25-118000-P,118000.0,Put,2025-06-16,1.08,0.11353783,,0.0,0.0,105969.23235696467
BTC-16JUN25-120000-C,120000.0,Call,2025-06-16,1.08,5.7e-07,,0.0,0.0,105969.23235696467
BTC-16JUN25-120000-P,120000.0,Put,2025-06-16,1.08,0.13241107,,0.0,0.0,105969.23235696467
BTC-16JUN25-122000-C,122000.0,Call,2025-06-16,1.08,1.9e-07,,0.0,0.0,105969.23235696467
BTC-16JUN25-122000-P,122000.0,Put,2025-06-16,1.08,0.1512842,,0.0,0.0,105969.23235696467
BTC-17JUN25-94000-C,94000.0,Call,2025-06-17,2.08,0.11320515,,0.0,0.0,105973.7992677235
BTC-17JUN25-94000-P,94000.0,Put,2025-06-17,2.08,0.00022191,,0.5,0.5,105973.7992677235
BTC-17JUN25-96000-C,96000.0,Call,2025-06-17,2.08,0.09447899,,0.0,0.0,105973.7992677235
BTC-17JUN25-96000-P,96000.0,Put,2025-06-17,2.08,0.00036844,,1.0,1.0,105973.7992677235
BTC-17JUN25-98000-C,98000.0,Call,2025-06-17,2.08,0.07581632,,0.1,0.1,105973.7992677235
BTC-17JUN25-98000-P,98000.0,Put,2025-06-17,2.08,0.00057847,,5.2,5.2,105973.7992677235
BTC-17JUN25-100000-C,100000.0,Call,2025-06-17,2.08,0.05735517,,0.0,0.0,105973.7992677235
BTC-17JUN25-100000-P,100000.0,Put,2025-06-17,2.08,0.00099003,,12.1,11.8,105973.7992677235
BTC-17JUN25-101000-C,101000.0,Call,2025-06-17,2.08,0.04828655,,0.0,0.0,105973.7992677235
BTC-17JUN25-101000-P,101000.0,Put,2025-06-17,2.08,0.00135775,,10.2,7.0,105973.7992677235
BTC-17JUN25-102000-C,102000.0,Call,2025-06-17,2.08,0.03941305,,0.0,0.0,105973.7992677235
BTC-17JUN25-102000-P,102000.0,Put,2025-06-17,2.08,0.0019206,,121.2,88.5,105973.7992677235
BTC-17JUN25-103000-C,103000.0,Call,2025-06-17,2.08,0.03090053,,0.3,0.3,105973.7992677235
BTC-17JUN25-103000-P,103000.0,Put,2025-06-17,2.08,0.00284443,,82.2,82.1,105973.7992677235
BTC-17JUN25-104000-C,104000.0,Call,2025-06-17,2.08,0.0230069,,2.4,1.5,105973.7992677235
BTC-17JUN25-104000-P,104000.0,Put,2025-06-17,2.08,0.00438714,,153.8,150.3,105973.7992677235
BTC-17JUN25-105000-C,105000.0,Call,2025-06-17,2.08,0.01590434,,20.8,18.5,105973.7992677235
BTC-17JUN25-105000-P,105000.0,Put,2025-06-17,2.08,0.00672093,,38.7,32.7,105973.19468475223
BTC-17JUN25-106000-C,106000.0,Call,2025-06-17,2.08,0.00996081,,31.7,27.9,105973.8492989832
BTC-17JUN25-106000-P,106000.0,Put,2025-06-17,2.08,0.01021376,,4.5,4.1,105973.7992677235
BTC-17JUN25-107000-C,107000.0,Call,2025-06-17,2.08,0.00548461,,60.0,45.1,105973.7992677235
BTC-17JUN25-107000-P,107000.0,Put,2025-06-17,2.08,0.0151739,,0.0,0.0,105973.7992677235
BTC-17JUN25-108000-C,108000.0,Call,2025-06-17,2.08,0.00291489,,47.5,33.6,105973.7992677235
BTC-17JUN25-108000-P,108000.0,Put,2025-06-17,2.08,0.02204053,,0.0,0.0,105973.7992677235
BTC-17JUN25-109000-C,109000.0,Call,2025-06-17,2.08,0.00144078,,14.9,13.0,105973.7992677235
BTC-17JUN25-109000-P,109000.0,Put,2025-06-17,2.08,0.03000277,,0.0,0.0,105973.7992677235
BTC-17JUN25-110000-C,110000.0,Call,2025-06-17,2.08,0.00067327,,8.3,6.9,105973.7992677235
BTC-17JUN25-110000-P,110000.0,Put,2025-06-17,2.08,0.0386716,,0.0,0.0,105973.7992677235
BTC-17JUN25-111000-C,111000.0,Call,2025-06-17,2.08,0.00035961,,1.0,1.0,105973.7992677235
BTC-17JUN25-111000-P,111000.0,Put,2025-06-17,2.08,0.0477943,,0.0,0.0,105973.7992677235
BTC-17JUN25-112000-C,112000.0,Call,2025-06-17,2.08,0.00024887,,0.0,0.0,105973.7992677235
BTC-17JUN25-112000-P,112000.0,Put,2025-06-17,2.08,0.05711991,,0.0,0.0,105973.7992677235
BTC-17JUN25-114000-C,114000.0,Call,2025-06-17,2.08,0.00017271,,0.0,0.0,105973.7992677235
BTC-17JUN25-114000-P,114000.0,Put,2025-06-17,2.08,0.07591644,,0.0,0.0,105973.7992677235
BTC-17JUN25-116000-C,116000.0,Call,2025-06-17,2.08,0.00015618,,0.0,0.0,105973.7992677235
BTC-17JUN25-116000-P,116000.0,Put,2025-06-17,2.08,0.09477261,,0.0,0.0,105973.7992677235
BTC-17JUN25-118000-C,118000.0,Call,2025-06-17,2.08,7.794e-05,,0.0,0.0,105973.7992677235
BTC-17JUN25-118000-P,118000.0,Put,2025-06-17,2.08,0.11356707,,0.0,0.0,105973.7992677235
BTC-17JUN25-120000-C,120000.0,Call,2025-06-17,2.08,2.484e-05,,0.0,0.0,105973.7992677235
BTC-17JUN25-120000-P,120000.0,Put,2025-06-17,2.08,0.13238667,,0.0,0.0,105973.7992677235
BTC-17JUN25-122000-C,122000.0,Call,2025-06-17,2.08,2.41e-05,,0.0,0.0,105973.7992677235
BTC-17JUN25-122000-P,122000.0,Put,2025-06-17,2.08,0.15125862,,0.0,0.0,105973.7992677235
BTC-20JUN25-85000-C,85000.0,Call,2025-06-20,5.08,0.19822445,,0.0,50.0,105985.49
BTC-20JUN25-85000-P,85000.0,Put,2025-06-20,5.08,0.0002105,,2.5,279.2,105985.49
BTC-20JUN25-90000-C,90000.0,Call,2025-06-20,5.08,0.15130703,,0.0,152.1,105985.49
BTC-20JUN25-90000-P,90000.0,Put,2025-06-20,5.08,0.00046874,,2.8,483.4,105985.49
BTC-20JUN25-94000-C,94000.0,Call,2025-06-20,5.08,0.114116,,0.0,0.0,105985.49
BTC-20JUN25-94000-P,94000.0,Put,2025-06-20,5.08,0.00101823,,10.5,166.2,105985.49
BTC-20JUN25-95000-C,95000.0,Call,2025-06-20,5.08,0.10490208,,0.0,1.6,105985.49
BTC-20JUN25-95000-P,95000.0,Put,2025-06-20,5.08,0.00123944,,2.3,1465.1,105985.49
BTC-20JUN25-96000-C,96000.0,Call,2025-06-20,5.08,0.09575356,,0.0,8.0,105985.49
BTC-20JUN25-96000-P,96000.0,Put,2025-06-20,5.08,0.00152605,,58.8,939.4,105985.49
BTC-20JUN25-97000-C,97000.0,Call,2025-06-20,5.08,0.08671873,,0.0,0.0,105985.49
BTC-20JUN25-97000-P,97000.0,Put,2025-06-20,5.08,0.00192635,,2.6,2417.0,105985.49
BTC-20JUN25-98000-C,98000.0,Call,2025-06-20,5.08,0.07783641,,0.0,2.1,105985.49
BTC-20JUN25-98000-P,98000.0,Put,2025-06-20,5.08,0.00247916,,38.0,434.3,105985.49
BTC-20JUN25-99000-C,99000.0,Call,2025-06-20,5.08,0.0690677,,0.0,10.1,105985.49
BTC-20JUN25-99000-P,99000.0,Put,2025-06-20,5.08,0.00314557,,12.5,768.9,105985.49
BTC-20JUN25-100000-C,100000.0,Call,2025-06-20,5.08,0.06055043,,1.0,31.6,105985.49
BTC-20JUN25-100000-P,100000.0,Put,2025-06-20,5.08,0.00406344,,103.6,2444.2,105985.49
BTC-20JUN25-101000-C,101000.0,Call,2025-06-20,5.08,0.05232178,,0.6,27.3,105985.49
BTC-20JUN25-101000-P,101000.0,Put,2025-06-20,5.08,0.00526992,,28.5,356.6,105985.49
BTC-20JUN25-102000-C,102000.0,Call,2025-06-20,5.08,0.04419289,,0.0,566.5,105985.49
BTC-20JUN25-102000-P,102000.0,Put,2025-06-20,5.08,0.00657616,,18.7,2007.8,105985.49
BTC-20JUN25-103000-C,103000.0,Call,2025-06-20,5.08,0.03663452,,0.0,58.6,105985.49
BTC-20JUN25-103000-P,103000.0,Put,2025-06-20,5.08,0.00845292,,44.9,241.0,105985.49
BTC-20JUN25-104000-C,104000.0,Call,2025-06-20,5.08,0.0294847,,1.0,120.3,105985.49
BTC-20JUN25-104000-P,104000.0,Put,2025-06-20,5.08,0.01073823,,20.0,1341.2,105985.49
BTC-20JUN25-105000-C,105000.0,Call,2025-06-20,5.08,0.02315904,,13.0,600.8,105985.49
BTC-20JUN25-105000-P,105000.0,Put,2025-06-20,5.08,0.0138477,,19.4,632.1,105985.49
BTC-20JUN25-106000-C,106000.0,Call,2025-06-20,5.08,0.01766169,,14.7,536.5,105986.86
BTC-20JUN25-106000-P,106000.0,Put,2025-06-20,5.08,0.01778548,,13.0,187.5,105985.49
BTC-20JUN25-107000-C,107000.0,Call,2025-06-20,5.08,0.01292284,,26.6,519.1,105985.49
BTC-20JUN25-107000-P,107000.0,Put,2025-06-20,5.08,0.02248176,,0.6,123.6,105985.49
BTC-20JUN25-108000-C,108000.0,Call,2025-06-20,5.08,0.00949444,,24.4,845.0,105985.49
BTC-20JUN25-108000-P,108000.0,Put,2025-06-20,5.08,0.02848849,,0.2,312.9,105985.49
BTC-20JUN25-109000-C,109000.0,Call,2025-06-20,5.08,0.00678146,,29.9,492.8,105985.49
BTC-20JUN25-109000-P,109000.0,Put,2025-06-20,5.08,0.03521063,,0.0,301.6,105985.49
BTC-20JUN25-110000-C,110000.0,Call,2025-06-20,5.08,0.0046789,,169.6,2159.9,105985.49
BTC-20JUN25-110000-P,110000.0,Put,2025-06-20,5.08,0.0425432,,0.0,246.4,105985.49
BTC-20JUN25-111000-C,111000.0,Call,2025-06-20,5.08,0.00317325,,29.9,280.4,105985.49
BTC-20JUN25-111000-P,111000.0,Put,2025-06-20,5.08,0.05047269,,0.0,23.1,105985.49
BTC-20JUN25-112000-C,112000.0,Call,2025-06-20,5.08,0.00209937,,17.2,425.2,105985.49
BTC-20JUN25-112000-P,112000.0,Put,2025-06-20,5.08,0.05883394,,0.0,9.4,105985.49
BTC-20JUN25-113000-C,113000.0,Call,2025-06-20,5.08,0.00140533,,8.4,317.2,105985.49
BTC-20JUN25-113000-P,113000.0,Put,2025-06-20,5.08,0.06757503,,0.0,201.0,105985.49
BTC-20JUN25-114000-C,114000.0,Call,2025-06-20,5.08,0.00096369,,3.8,259.3,105985.49
BTC-20JUN25-114000-P,114000.0,Put,2025-06-20,5.08,0.07656852,,0.0,1.0,105985.49
BTC-20JUN25-115000-C,115000.0,Call,2025-06-20,5.08,0.00073907,,65.1,1902.7,105986.86
BTC-20JUN25-115000-P,115000.0,Put,2025-06-20,5.08,0.08577903,,0.0,1.0,105985.49
BTC-20JUN25-116000-C,116000.0,Call,2025-06-20,5.08,0.00055705,,8.4,268.7,105985.49
BTC-20JUN25-116000-P,116000.0,Put,2025-06-20,5.08,0.09503214,,0.0,0.0,105985.49
BTC-20JUN25-117000-C,117000.0,Call,2025-06-20,5.08,0.00044651,,0.0,190.1,105985.49
BTC-20JUN25-117000-P,117000.0,Put,2025-06-20,5.08,0.10435673,,0.0,0.0,105985.49
BTC-20JUN25-118000-C,118000.0,Call,2025-06-20,5.08,0.00037294,,12.3,334.4,105985.49
BTC-20JUN25-118000-P,118000.0,Put,2025-06-20,5.08,0.11371829,,0.0,0.2,105985.49
BTC-20JUN25-120000-C,120000.0,Call,2025-06-20,5.08,0.00027406,,0.4,911.4,105985.49
BTC-20JUN25-120000-P,120000.0,Put,2025-06-20,5.08,0.13248967,,0.0,0.2,105985.49
BTC-20JUN25-122000-C,122000.0,Call,2025-06-20,5.08,0.00017452,,7.1,403.8,105985.49
BTC-20JUN25-122000-P,122000.0,Put,2025-06-20,5.08,0.15126039,,0.0,0.0,105985.49
BTC-20JUN25-125000-C,125000.0,Call,2025-06-20,5.08,0.00017502,,10.0,1173.7,105985.49
BTC-20JUN25-125000-P,125000.0,Put,2025-06-20,5.08,0.17956628,,0.0,0.0,105985.49
BTC-20JUN25-130000-C,130000.0,Call,2025-06-20,5.08,0.00013896,,14.0,101.7,105985.49
BTC-20JUN25-130000-P,130000.0,Put,2025-06-20,5.08,0.22670587,,0.0,0.0,105986.86
BTC-20JUN25-135000-C,135000.0,Call,2025-06-20,5.08,8.228e-05,,0.0,64.5,105985.49
BTC-20JUN25-135000-P,135000.0,Put,2025-06-20,5.08,0.27382485,,0.0,0.0,105985.49
BTC-20JUN25-140000-C,140000.0,Call,2025-06-20,5.08,3.947e-05,,3.2,229.1,105985.49
BTC-20JUN25-140000-P,140000.0,Put,2025-06-20,5.08,0.32095768,,0.0,0.0,105986.86
BTC-20JUN25-145000-C,145000.0,Call,2025-06-20,5.08,2.943e-05,,2.0,88.8,105985.49
BTC-20JUN25-145000-P,145000.0,Put,2025-06-20,5.08,0.36812329,,0.0,0.0,105985.49
BTC-20JUN25-150000-C,150000.0,Call,2025-06-20,5.08,2.206e-05,,1.0,105.6,105985.49
BTC-20JUN25-150000-P,150000.0,Put,2025-06-20,5.08,0.41529157,,0.0,0.0,105986.86
BTC-20JUN25-155000-C,155000.0,Call,2025-06-20,5.08,8.78e-06,,0.0,264.5,105985.49
BTC-20JUN25-155000-P,155000.0,Put,2025-06-20,5.08,0.46245394,,0.0,0.0,105985.49
BTC-27JUN25-20000-C,20000.0,Call,2025-06-27,12.08,0.81154379,,0.0,74.7,106124.05
BTC-27JUN25-20000-P,20000.0,Put,2025-06-27,12.08,0.0,,0.0,300.4,106124.05
BTC-27JUN25-30000-C,30000.0,Call,2025-06-27,12.08,0.7173157,,0.0,46.3,106124.05
BTC-27JUN25-30000-P,30000.0,Put,2025-06-27,12.08,1e-08,,0.0,648.5,106124.05
BTC-27JUN25-40000-C,40000.0,Call,2025-06-27,12.08,0.62309004,,0.0,82.4,106124.05
BTC-27JUN25-40000-P,40000.0,Put,2025-06-27,12.08,2.46e-06,,0.0,470.7,106124.05
BTC-27JUN25-45000-C,45000.0,Call,2025-06-27,12.08,0.57599044,,0.0,41.7,106124.05
BTC-27JUN25-45000-P,45000.0,Put,2025-06-27,12.08,1.691e-05,,0.0,1142.3,106124.05
BTC-27JUN25-50000-C,50000.0,Call,2025-06-27,12.08,0.52891761,,0.0,86.9,106124.05
BTC-27JUN25-50000-P,50000.0,Put,2025-06-27,12.08,5.814e-05,,0.0,1156.6,106124.05
BTC-27JUN25-55000-C,55000.0,Call,2025-06-27,12.08,0.48187395,,0.0,35.8,106124.05
BTC-27JUN25-55000-P,55000.0,Put,2025-06-27,12.08,0.00012852,,13.5,1778.3,106124.05
BTC-27JUN25-60000-C,60000.0,Call,2025-06-27,12.08,0.43481158,,0.0,585.1,106124.05
BTC-27JUN25-60000-P,60000.0,Put,2025-06-27,12.08,0.0001802,,5.1,1281.6,106124.05
BTC-27JUN25-65000-C,65000.0,Call,2025-06-27,12.08,0.38769823,,0.0,120.5,106124.05
BTC-27JUN25-65000-P,65000.0,Put,2025-06-27,12.08,0.00018091,,7.5,2548.1,106124.05
BTC-27JUN25-70000-C,70000.0,Call,2025-06-27,12.08,0.34061812,,2.3,525.8,106124.05
BTC-27JUN25-70000-P,70000.0,Put,2025-06-27,12.08,0.00021486,,5.5,2557.0,106125.42
BTC-27JUN25-75000-C,75000.0,Call,2025-06-27,12.08,0.29350735,,0.0,607.9,106124.05
BTC-27JUN25-75000-P,75000.0,Put,2025-06-27,12.08,0.00021814,,0.0,2061.5,106124.05
BTC-27JUN25-78000-C,78000.0,Call,2025-06-27,12.08,0.26531308,,0.0,0.3,106124.05
BTC-27JUN25-78000-P,78000.0,Put,2025-06-27,12.08,0.0002923,,0.0,319.3,106124.05
BTC-27JUN25-80000-C,80000.0,Call,2025-06-27,12.08,0.24652089,,0.0,662.2,106124.05
BTC-27JUN25-80000-P,80000.0,Put,2025-06-27,12.08,0.00034573,,0.5,4394.6,106124.05
BTC-27JUN25-82000-C,82000.0,Call,2025-06-27,12.08,0.22780775,,0.0,0.4,106124.05
BTC-27JUN25-82000-P,82000.0,Put,2025-06-27,12.08,0.00047821,,1.2,129.9,106124.05
BTC-27JUN25-84000-C,84000.0,Call,2025-06-27,12.08,0.20913062,,0.0,0.6,106124.05
BTC-27JUN25-84000-P,84000.0,Put,2025-06-27,12.08,0.0006467,,9.1,214.5,106124.05
BTC-27JUN25-85000-C,85000.0,Call,2025-06-27,12.08,0.19978173,,0.0,1868.8,106124.05
BTC-27JUN25-85000-P,85000.0,Put,2025-06-27,12.08,0.00072062,,47.3,6094.2,106124.05
BTC-27JUN25-88000-C,88000.0,Call,2025-06-27,12.08,0.17198187,,1.5,17.5,106124.05
BTC-27JUN25-88000-P,88000.0,Put,2025-06-27,12.08,0.00118919,,3.3,1511.2,106124.05
BTC-27JUN25-90000-C,90000.0,Call,2025-06-27,12.08,0.15352832,,0.5,1995.3,106125.42
BTC-27JUN25-90000-P,90000.0,Put,2025-06-27,12.08,0.00158126,,2.0,3648.9,106124.05
BTC-27JUN25-92000-C,92000.0,Call,2025-06-27,12.08,0.13523497,,0.0,0.7,106124.05
BTC-27JUN25-92000-P,92000.0,Put,2025-06-27,12.08,0.00213353,,0.4,1923.8,106124.05
BTC-27JUN25-95000-C,95000.0,Call,2025-06-27,12.08,0.10844641,,0.0,1875.5,106124.05
BTC-27JUN25-95000-P,95000.0,Put,2025-06-27,12.08,0.00361341,,146.0,3398.4,106124.05
BTC-27JUN25-97000-C,97000.0,Call,2025-06-27,12.08,0.09125128,,0.0,326.4,106124.05
BTC-27JUN25-97000-P,97000.0,Put,2025-06-27,12.08,0.0052639,,23.9,3124.6,106124.05
BTC-27JUN25-100000-C,100000.0,Call,2025-06-27,12.08,0.06682021,,0.4,3806.8,106124.05
BTC-27JUN25-100000-P,100000.0,Put,2025-06-27,12.08,0.00910125,,97.9,4147.8,106124.05
BTC-27JUN25-101000-C,101000.0,Call,2025-06-27,12.08,0.05937797,,0.0,41.6,106124.05
BTC-27JUN25-101000-P,101000.0,Put,2025-06-27,12.08,0.01108182,,4.4,643.9,106124.05
BTC-27JUN25-102000-C,102000.0,Call,2025-06-27,12.08,0.05208835,,2.0,1130.7,106124.05
BTC-27JUN25-102000-P,102000.0,Put,2025-06-27,12.08,0.01321502,,6.8,2043.6,106124.05
BTC-27JUN25-105000-C,105000.0,Call,2025-06-27,12.08,0.03325213,,14.6,4602.1,106124.05
BTC-27JUN25-105000-P,105000.0,Put,2025-06-27,12.08,0.02264723,,17.7,1695.4,106124.05
BTC-27JUN25-107000-C,107000.0,Call,2025-06-27,12.08,0.02337967,,210.5,1099.4,106124.05
BTC-27JUN25-107000-P,107000.0,Put,2025-06-27,12.08,0.03162039,,2.8,169.8,106124.05
BTC-27JUN25-108000-C,108000.0,Call,2025-06-27,12.08,0.01935088,,6.0,2931.5,106124.05
BTC-27JUN25-108000-P,108000.0,Put,2025-06-27,12.08,0.03701441,,1.3,2087.1,106124.05
BTC-27JUN25-109000-C,109000.0,Call,2025-06-27,12.08,0.01596479,,56.2,368.1,106124.05
BTC-27JUN25-109000-P,109000.0,Put,2025-06-27,12.08,0.04305113,,3.0,154.4,106124.05
BTC-27JUN25-110000-C,110000.0,Call,2025-06-27,12.08,0.01304135,,439.6,5207.4,106124.05
BTC-27JUN25-110000-P,110000.0,Put,2025-06-27,12.08,0.0495505,,0.1,1185.3,106124.05
BTC-27JUN25-111000-C,111000.0,Call,2025-06-27,12.08,0.0105412,,10.6,555.1,106124.05
BTC-27JUN25-111000-P,111000.0,Put,2025-06-27,12.08,0.05647316,,0.0,13.5,106124.05
BTC-27JUN25-112000-C,112000.0,Call,2025-06-27,12.08,0.00844785,,138.1,1124.7,106124.05
BTC-27JUN25-112000-P,112000.0,Put,2025-06-27,12.08,0.06380262,,2.1,77.4,106124.05
BTC-27JUN25-115000-C,115000.0,Call,2025-06-27,12.08,0.00427993,,127.7,6101.8,106124.05
BTC-27JUN25-115000-P,115000.0,Put,2025-06-27,12.08,0.08790313,,0.0,274.5,106124.05
BTC-27JUN25-120000-C,120000.0,Call,2025-06-27,12.08,0.00168507,,416.3,5488.3,106124.05
BTC-27JUN25-120000-P,120000.0,Put,2025-06-27,12.08,0.13242233,,0.0,424.2,106124.05
BTC-27JUN25-125000-C,125000.0,Call,2025-06-27,12.08,0.00069077,,18.9,4284.4,106124.05
BTC-27JUN25-125000-P,125000.0,Put,2025-06-27,12.08,0.17854208,,0.0,17.6,106124.05
BTC-27JUN25-130000-C,130000.0,Call,2025-06-27,12.08,0.00042411,,52.8,3874.4,106124.05
BTC-27JUN25-130000-P,130000.0,Put,2025-06-27,12.08,0.22538947,,0.0,54.8,106124.05
BTC-27JUN25-135000-C,135000.0,Call,2025-06-27,12.08,0.00033281,,5.0,2861.8,106124.05
BTC-27JUN25-135000-P,135000.0,Put,2025-06-27,12.08,0.27241222,,0.0,6.5,106124.05
BTC-27JUN25-140000-C,140000.0,Call,2025-06-27,12.08,0.00022057,,6.0,3258.4,106124.05
BTC-27JUN25-140000-P,140000.0,Put,2025-06-27,12.08,0.31941404,,0.0,243.9,106124.05
BTC-27JUN25-150000-C,150000.0,Call,2025-06-27,12.08,0.00018188,,16.7,1729.5,106124.05
BTC-27JUN25-150000-P,150000.0,Put,2025-06-27,12.08,0.41360345,,0.0,16.8,106125.42
BTC-27JUN25-160000-C,160000.0,Call,2025-06-27,12.08,0.00017738,,24.1,1090.1,106124.05
BTC-27JUN25-160000-P,160000.0,Put,2025-06-27,12.08,0.50782706,,0.0,139.0,106124.05
BTC-27JUN25-170000-C,170000.0,Call,2025-06-27,12.08,0.00011848,,22.0,1352.3,106124.05
BTC-27JUN25-170000-P,170000.0,Put,2025-06-27,12.08,0.60199626,,0.0,27.7,106125.42
BTC-27JUN25-180000-C,180000.0,Call,2025-06-27,12.08,3.509e-05,,0.0,1950.2,106125.42
BTC-27JUN25-180000-P,180000.0,Put,2025-06-27,12.08,0.69614098,,0.0,20.2,106124.05
BTC-27JUN25-190000-C,190000.0,Call,2025-06-27,12.08,2.19e-05,,0.5,349.3,106124.05
BTC-27JUN25-190000-P,190000.0,Put,2025-06-27,12.08,0.79035589,,0.0,5.7,106124.05
BTC-27JUN25-200000-C,200000.0,Call,2025-06-27,12.08,9.08e-06,,0.0,3794.8,106124.05
BTC-27JUN25-200000-P,200000.0,Put,2025-06-27,12.08,0.88457117,,0.0,0.4,106124.05
BTC-27JUN25-220000-C,220000.0,Call,2025-06-27,12.08,7.47e-06,,0.0,2281.5,106124.05
BTC-27JUN25-220000-P,220000.0,Put,2025-06-27,12.08,1.07302577,,0.0,14.9,106124.05
BTC-27JUN25-240000-C,240000.0,Call,2025-06-27,12.08,1.98e-06,,0.0,744.4,106124.05
BTC-27JUN25-240000-P,240000.0,Put,2025-06-27,12.08,1.26147649,,0.0,35.5,106124.05
BTC-27JUN25-250000-C,250000.0,Call,2025-06-27,12.08,1.7e-06,,0.0,1158.0,106124.05
BTC-27JUN25-250000-P,250000.0,Put,2025-06-27,12.08,1.35570431,,0.0,1.8,106124.05
BTC-27JUN25-260000-C,260000.0,Call,2025-06-27,12.08,1.27e-06,,0.0,674.8,106124.05
BTC-27JUN25-260000-P,260000.0,Put,2025-06-27,12.08,1.44993199,,0.0,0.0,106124.05
BTC-27JUN25-280000-C,280000.0,Call,2025-06-27,12.08,1.17e-06,,0.0,1621.2,106124.05
BTC-27JUN25-280000-P,280000.0,Put,2025-06-27,12.08,1.6383881,,0.0,0.6,106124.05
BTC-27JUN25-300000-C,300000.0,Call,2025-06-27,12.08,1.02e-06,,0.0,5943.4,106124.05
BTC-27JUN25-300000-P,300000.0,Put,2025-06-27,12.08,1.82684416,,0.0,1.8,106125.42
BTC-27JUN25-400000-C,400000.0,Call,2025-06-27,12.08,0.0,,0.0,700.9,106124.05
BTC-27JUN25-400000-P,400000.0,Put,2025-06-27,12.08,2.76912419,,0.0,2.3,106124.05
BTC-4JUL25-85000-C,85000.0,Call,2025-07-04,19.08,0.20114936,,0.0,0.0,106211.50499999999
BTC-4JUL25-85000-P,85000.0,Put,2025-07-04,19.08,0.00143931,,2.3,150.1,106211.50499999999
BTC-4JUL25-90000-C,90000.0,Call,2025-07-04,19.08,0.15546705,,0.0,0.0,106211.50499999999
BTC-4JUL25-90000-P,90000.0,Put,2025-07-04,19.08,0.00283288,,6.2,181.3,106211.50499999999
BTC-4JUL25-94000-C,94000.0,Call,2025-07-04,19.08,0.12030217,,0.0,0.0,106211.50499999999
BTC-4JUL25-94000-P,94000.0,Put,2025-07-04,19.08,0.00532871,,405.5,450.2,106211.50499999999
BTC-4JUL25-95000-C,95000.0,Call,2025-07-04,19.08,0.11161825,,0.0,0.0,106211.50499999999
BTC-4JUL25-95000-P,95000.0,Put,2025-07-04,19.08,0.00605996,,2.6,105.1,106211.50499999999
BTC-4JUL25-96000-C,96000.0,Call,2025-07-04,19.08,0.10327356,,1.0,1.0,106211.50499999999
BTC-4JUL25-96000-P,96000.0,Put,2025-07-04,19.08,0.00713044,,6.4,11.0,106211.50499999999
BTC-4JUL25-98000-C,98000.0,Call,2025-07-04,19.08,0.0873729,,0.0,0.0,106211.50499999999
BTC-4JUL25-98000-P,98000.0,Put,2025-07-04,19.08,0.01006014,,9.5,31.2,106211.50499999999
BTC-4JUL25-99000-C,99000.0,Call,2025-07-04,19.08,0.07956207,,0.0,0.0,106211.50499999999
BTC-4JUL25-99000-P,99000.0,Put,2025-07-04,19.08,0.01166448,,14.2,31.0,106211.50499999999
BTC-4JUL25-100000-C,100000.0,Call,2025-07-04,19.08,0.07213881,,0.0,5.0,106211.50499999999
BTC-4JUL25-100000-P,100000.0,Put,2025-07-04,19.08,0.0136564,,424.0,654.9,106211.50499999999
BTC-4JUL25-101000-C,101000.0,Call,2025-07-04,19.08,0.06518321,,0.0,0.1,106211.50499999999
BTC-4JUL25-101000-P,101000.0,Put,2025-07-04,19.08,0.01611597,,0.3,23.4,106211.50499999999
BTC-4JUL25-102000-C,102000.0,Call,2025-07-04,19.08,0.05846119,,0.0,0.1,106211.50499999999
BTC-4JUL25-102000-P,102000.0,Put,2025-07-04,19.08,0.01880913,,0.5,29.6,106211.50499999999
BTC-4JUL25-103000-C,103000.0,Call,2025-07-04,19.08,0.05220593,,0.1,2.1,106211.50499999999
BTC-4JUL25-103000-P,103000.0,Put,2025-07-04,19.08,0.02196904,,0.1,15.6,106211.50499999999
BTC-4JUL25-104000-C,104000.0,Call,2025-07-04,19.08,0.04624268,,0.2,4.5,106212.1675
BTC-4JUL25-104000-P,104000.0,Put,2025-07-04,19.08,0.02542097,,1.6,177.6,106211.50499999999
BTC-4JUL25-105000-C,105000.0,Call,2025-07-04,19.08,0.04080773,,25.6,35.6,106211.50499999999
BTC-4JUL25-105000-P,105000.0,Put,2025-07-04,19.08,0.0294012,,25.8,40.6,106211.50499999999
BTC-4JUL25-106000-C,106000.0,Call,2025-07-04,19.08,0.03566747,,20.5,73.1,106211.50499999999
BTC-4JUL25-106000-P,106000.0,Put,2025-07-04,19.08,0.03367611,,0.3,17.2,106211.50499999999
BTC-4JUL25-107000-C,107000.0,Call,2025-07-04,19.08,0.03099768,,1.4,2.9,106211.50499999999
BTC-4JUL25-107000-P,107000.0,Put,2025-07-04,19.08,0.0384215,,0.1,4.5,106211.50499999999
BTC-4JUL25-108000-C,108000.0,Call,2025-07-04,19.08,0.02686562,,6.0,13.4,106212.1675
BTC-4JUL25-108000-P,108000.0,Put,2025-07-04,19.08,0.04370461,,0.0,1.0,106211.50499999999
BTC-4JUL25-109000-C,109000.0,Call,2025-07-04,19.08,0.02324879,,0.0,8.3,106211.50499999999
BTC-4JUL25-109000-P,109000.0,Put,2025-07-04,19.08,0.04950296,,0.0,0.2,106211.50499999999
BTC-4JUL25-110000-C,110000.0,Call,2025-07-04,19.08,0.01999355,,0.4,131.9,106211.50499999999
BTC-4JUL25-110000-P,110000.0,Put,2025-07-04,19.08,0.05566289,,0.0,15.3,106211.50499999999
BTC-4JUL25-111000-C,111000.0,Call,2025-07-04,19.08,0.017096,,0.3,25.0,106211.50499999999
BTC-4JUL25-111000-P,111000.0,Put,2025-07-04,19.08,0.06218052,,0.0,0.0,106211.50499999999
BTC-4JUL25-112000-C,112000.0,Call,2025-07-04,19.08,0.0145383,,1.0,64.0,106211.50499999999
BTC-4JUL25-112000-P,112000.0,Put,2025-07-04,19.08,0.069038,,0.0,0.6,106211.50499999999
BTC-4JUL25-113000-C,113000.0,Call,2025-07-04,19.08,0.01230032,,7.5,52.7,106211.50499999999
BTC-4JUL25-113000-P,113000.0,Put,2025-07-04,19.08,0.07621519,,0.0,0.0,106211.50499999999
BTC-4JUL25-114000-C,114000.0,Call,2025-07-04,19.08,0.01039642,,7.5,25.4,106211.50499999999
BTC-4JUL25-114000-P,114000.0,Put,2025-07-04,19.08,0.08372647,,0.0,0.0,106211.50499999999
BTC-4JUL25-115000-C,115000.0,Call,2025-07-04,19.08,0.00876497,,0.3,213.4,106211.50499999999
BTC-4JUL25-115000-P,115000.0,Put,2025-07-04,19.08,0.0915102,,0.0,0.0,106211.50499999999
BTC-4JUL25-116000-C,116000.0,Call,2025-07-04,19.08,0.00739472,,0.4,14.4,106211.50499999999
BTC-4JUL25-116000-P,116000.0,Put,2025-07-04,19.08,0.09955512,,0.0,0.0,106211.50499999999
BTC-4JUL25-117000-C,117000.0,Call,2025-07-04,19.08,0.0062506,,0.1,25.9,106211.50499999999
BTC-4JUL25-117000-P,117000.0,Put,2025-07-04,19.08,0.10782617,,0.0,0.0,106211.50499999999
BTC-4JUL25-118000-C,118000.0,Call,2025-07-04,19.08,0.00528054,,0.3,50.7,106211.50499999999
BTC-4JUL25-118000-P,118000.0,Put,2025-07-04,19.08,0.1162713,,0.0,0.0,106211.50499999999
BTC-4JUL25-120000-C,120000.0,Call,2025-07-04,19.08,0.00371805,,1.3,166.9,106211.50499999999
BTC-4JUL25-120000-P,120000.0,Put,2025-07-04,19.08,0.13353915,,0.0,0.0,106211.50499999999
BTC-4JUL25-125000-C,125000.0,Call,2025-07-04,19.08,0.00170219,,16.8,50.1,106211.50499999999
BTC-4JUL25-125000-P,125000.0,Put,2025-07-04,19.08,0.17859918,,0.0,0.0,106211.50499999999
BTC-4JUL25-130000-C,130000.0,Call,2025-07-04,19.08,0.00087241,,25.0,68.1,106211.50499999999
BTC-4JUL25-130000-P,130000.0,Put,2025-07-04,19.08,0.22484527,,0.0,0.0,106211.50499999999
BTC-4JUL25-135000-C,135000.0,Call,2025-07-04,19.08,0.00057034,,2.0,28.9,106211.50499999999
BTC-4JUL25-135000-P,135000.0,Put,2025-07-04,19.08,0.27161908,,0.0,0.0,106211.50499999999
BTC-4JUL25-140000-C,140000.0,Call,2025-07-04,19.08,0.00047782,,0.0,55.3,106211.50499999999
BTC-4JUL25-140000-P,140000.0,Put,2025-07-04,19.08,0.31860245,,0.0,0.0,106211.50499999999
BTC-4JUL25-145000-C,145000.0,Call,2025-07-04,19.08,0.000359,,0.0,45.9,106211.50499999999
BTC-4JUL25-145000-P,145000.0,Put,2025-07-04,19.08,0.3655595,,0.0,0.0,106211.50499999999
BTC-4JUL25-150000-C,150000.0,Call,2025-07-04,19.08,0.00021086,,0.0,107.9,106211.50499999999
BTC-4JUL25-150000-P,150000.0,Put,2025-07-04,19.08,0.41248724,,0.0,0.0,106211.50499999999
BTC-25JUL25-30000-C,30000.0,Call,2025-07-25,40.08,0.7182985,,0.0,11.4,106469.76
BTC-25JUL25-30000-P,30000.0,Put,2025-07-25,40.08,6.567e-05,,0.0,497.9,106470.34
BTC-25JUL25-40000-C,40000.0,Call,2025-07-25,40.08,0.62450265,,0.0,12.0,106470.34
BTC-25JUL25-40000-P,40000.0,Put,2025-07-25,40.08,0.00018475,,0.5,125.7,106470.34
BTC-25JUL25-50000-C,50000.0,Call,2025-07-25,40.08,0.53069016,,0.0,29.9,106469.76
BTC-25JUL25-50000-P,50000.0,Put,2025-07-25,40.08,0.00030206,,0.0,377.5,106470.34
BTC-25JUL25-60000-C,60000.0,Call,2025-07-25,40.08,0.43705689,,0.0,12.3,106469.76
BTC-25JUL25-60000-P,60000.0,Put,2025-07-25,40.08,0.00058004,,0.0,522.9,106470.34
BTC-25JUL25-70000-C,70000.0,Call,2025-07-25,40.08,0.34377795,,0.0,35.2,106470.34
BTC-25JUL25-70000-P,70000.0,Put,2025-07-25,40.08,0.00122162,,1.2,318.4,106470.34
BTC-25JUL25-75000-C,75000.0,Call,2025-07-25,40.08,0.29759768,,0.0,20.3,106470.34
BTC-25JUL25-75000-P,75000.0,Put,2025-07-25,40.08,0.00200161,,10.1,427.1,106470.34
BTC-25JUL25-80000-C,80000.0,Call,2025-07-25,40.08,0.25177553,,0.0,106.6,106470.34
BTC-25JUL25-80000-P,80000.0,Put,2025-07-25,40.08,0.00313972,,0.5,748.1,106470.34
BTC-25JUL25-84000-C,84000.0,Call,2025-07-25,40.08,0.21614872,,0.0,2.5,106470.34
BTC-25JUL25-84000-P,84000.0,Put,2025-07-25,40.08,0.00508113,,3.5,482.4,106470.34
BTC-25JUL25-85000-C,85000.0,Call,2025-07-25,40.08,0.20735019,,0.0,48.8,106470.34
BTC-25JUL25-85000-P,85000.0,Put,2025-07-25,40.08,0.00567465,,15.8,2666.4,106470.34
BTC-25JUL25-86000-C,86000.0,Call,2025-07-25,40.08,0.19835747,,0.0,92.4,106470.34
BTC-25JUL25-86000-P,86000.0,Put,2025-07-25,40.08,0.00607398,,0.0,539.0,106470.34
BTC-25JUL25-88000-C,88000.0,Call,2025-07-25,40.08,0.1810553,,0.0,6.8,106469.76
BTC-25JUL25-88000-P,88000.0,Put,2025-07-25,40.08,0.00755592,,13.6,1047.7,106470.34
BTC-25JUL25-90000-C,90000.0,Call,2025-07-25,40.08,0.16404793,,0.0,114.7,106469.76
BTC-25JUL25-90000-P,90000.0,Put,2025-07-25,40.08,0.00933265,,82.0,719.2,106470.34
BTC-25JUL25-92000-C,92000.0,Call,2025-07-25,40.08,0.14756336,,0.0,9.9,106470.34
BTC-25JUL25-92000-P,92000.0,Put,2025-07-25,40.08,0.01163219,,12.9,661.9,106470.34
BTC-25JUL25-94000-C,94000.0,Call,2025-07-25,40.08,0.13188706,,0.0,228.1,106470.34
BTC-25JUL25-94000-P,94000.0,Put,2025-07-25,40.08,0.01473999,,8.4,538.1,106470.34
BTC-25JUL25-95000-C,95000.0,Call,2025-07-25,40.08,0.12435774,,0.0,5.5,106469.76
BTC-25JUL25-95000-P,95000.0,Put,2025-07-25,40.08,0.01660273,,85.1,329.5,106470.34
BTC-25JUL25-96000-C,96000.0,Call,2025-07-25,40.08,0.11696133,,0.0,155.1,106469.76
BTC-25JUL25-96000-P,96000.0,Put,2025-07-25,40.08,0.01859836,,3.4,348.7,106470.34
BTC-25JUL25-98000-C,98000.0,Call,2025-07-25,40.08,0.10270684,,0.0,217.7,106470.34
BTC-25JUL25-98000-P,98000.0,Put,2025-07-25,40.08,0.02312798,,62.9,1137.5,106470.34
BTC-25JUL25-100000-C,100000.0,Call,2025-07-25,40.08,0.0894805,,0.0,681.7,106470.34
BTC-25JUL25-100000-P,100000.0,Put,2025-07-25,40.08,0.02868574,,44.5,2345.0,106469.76
BTC-25JUL25-102000-C,102000.0,Call,2025-07-25,40.08,0.07718919,,0.0,268.0,106470.34
BTC-25JUL25-102000-P,102000.0,Put,2025-07-25,40.08,0.03517854,,1.9,1379.7,106470.34
BTC-25JUL25-104000-C,104000.0,Call,2025-07-25,40.08,0.06615823,,0.2,389.6,106470.34
BTC-25JUL25-104000-P,104000.0,Put,2025-07-25,40.08,0.04293168,,1.8,436.6,106470.34
BTC-25JUL25-105000-C,105000.0,Call,2025-07-25,40.08,0.06105811,,13.3,130.6,106470.34
BTC-25JUL25-105000-P,105000.0,Put,2025-07-25,40.08,0.04722361,,40.5,610.7,106470.34
BTC-25JUL25-106000-C,106000.0,Call,2025-07-25,40.08,0.05607674,,2.6,508.6,106470.34
BTC-25JUL25-106000-P,106000.0,Put,2025-07-25,40.08,0.05164465,,40.3,348.6,106469.76
BTC-25JUL25-108000-C,108000.0,Call,2025-07-25,40.08,0.04723019,,0.4,909.6,106469.76
BTC-25JUL25-108000-P,108000.0,Put,2025-07-25,40.08,0.06159205,,2.0,422.6,106469.76
BTC-25JUL25-110000-C,110000.0,Call,2025-07-25,40.08,0.03945744,,32.2,1865.5,106470.34
BTC-25JUL25-110000-P,110000.0,Put,2025-07-25,40.08,0.07258321,,0.0,811.6,106469.76
BTC-25JUL25-112000-C,112000.0,Call,2025-07-25,40.08,0.03287616,,1.8,1366.7,106469.76
BTC-25JUL25-112000-P,112000.0,Put,2025-07-25,40.08,0.08479292,,0.0,400.0,106470.34
BTC-25JUL25-114000-C,114000.0,Call,2025-07-25,40.08,0.02716093,,7.1,458.4,106470.34
BTC-25JUL25-114000-P,114000.0,Put,2025-07-25,40.08,0.09785491,,6.0,59.0,106470.34
BTC-25JUL25-115000-C,115000.0,Call,2025-07-25,40.08,0.02465375,,60.9,2111.3,106470.34
BTC-25JUL25-115000-P,115000.0,Put,2025-07-25,40.08,0.10473979,,0.0,78.3,106470.34
BTC-25JUL25-116000-C,116000.0,Call,2025-07-25,40.08,0.02232639,,5.7,674.3,106470.34
BTC-25JUL25-116000-P,116000.0,Put,2025-07-25,40.08,0.11180448,,0.0,34.2,106470.34
BTC-25JUL25-118000-C,118000.0,Call,2025-07-25,40.08,0.01841646,,60.9,318.9,106469.76
BTC-25JUL25-118000-P,118000.0,Put,2025-07-25,40.08,0.12667865,,0.0,23.0,106470.34
BTC-25JUL25-120000-C,120000.0,Call,2025-07-25,40.08,0.0149348,,21.3,2587.5,106469.76
BTC-25JUL25-120000-P,120000.0,Put,2025-07-25,40.08,0.14198109,,0.0,8.6,106470.34
BTC-25JUL25-122000-C,122000.0,Call,2025-07-25,40.08,0.01223419,,18.4,1161.9,106470.34
BTC-25JUL25-122000-P,122000.0,Put,2025-07-25,40.08,0.15806458,,0.0,6.8,106470.34
BTC-25JUL25-124000-C,124000.0,Call,2025-07-25,40.08,0.00993742,,5.9,104.5,106469.76
BTC-25JUL25-124000-P,124000.0,Put,2025-07-25,40.08,0.17455192,,0.0,0.0,106470.34
BTC-25JUL25-125000-C,125000.0,Call,2025-07-25,40.08,0.00896836,,1.1,1492.6,106470.34
BTC-25JUL25-125000-P,125000.0,Put,2025-07-25,40.08,0.18297492,,0.0,0.6,106470.34
BTC-25JUL25-126000-C,126000.0,Call,2025-07-25,40.08,0.00821709,,12.0,317.6,106470.34
BTC-25JUL25-126000-P,126000.0,Put,2025-07-25,40.08,0.1916157,,0.0,0.0,106470.34
BTC-25JUL25-130000-C,130000.0,Call,2025-07-25,40.08,0.00551621,,11.5,2952.7,106470.34
BTC-25JUL25-130000-P,130000.0,Put,2025-07-25,40.08,0.22648302,,0.0,0.1,106470.34
BTC-25JUL25-135000-C,135000.0,Call,2025-07-25,40.08,0.00350799,,8.0,2673.1,106470.34
BTC-25JUL25-135000-P,135000.0,Put,2025-07-25,40.08,0.27143507,,0.0,0.5,106470.34
BTC-25JUL25-140000-C,140000.0,Call,2025-07-25,40.08,0.00231302,,133.2,2748.1,106470.34
BTC-25JUL25-140000-P,140000.0,Put,2025-07-25,40.08,0.31720036,,0.0,10.7,106470.34
BTC-25JUL25-150000-C,150000.0,Call,2025-07-25,40.08,0.0014087,,3.3,2189.2,106469.76
BTC-25JUL25-150000-P,150000.0,Put,2025-07-25,40.08,0.41021698,,0.0,0.0,106470.34
BTC-25JUL25-160000-C,160000.0,Call,2025-07-25,40.08,0.00077712,,0.8,286.2,106470.34
BTC-25JUL25-160000-P,160000.0,Put,2025-07-25,40.08,0.50350551,,0.0,0.0,106470.34
BTC-25JUL25-170000-C,170000.0,Call,2025-07-25,40.08,0.00062066,,0.0,236.4,106470.34
BTC-25JUL25-170000-P,170000.0,Put,2025-07-25,40.08,0.59726958,,0.0,0.0,106470.34
BTC-25JUL25-180000-C,180000.0,Call,2025-07-25,40.08,0.00036738,,0.0,251.0,106469.76
BTC-25JUL25-180000-P,180000.0,Put,2025-07-25,40.08,0.69093682,,0.0,0.0,106470.34
BTC-25JUL25-200000-C,200000.0,Call,2025-07-25,40.08,0.00021333,,0.0,433.2,106470.34
BTC-25JUL25-200000-P,200000.0,Put,2025-07-25,40.08,0.87862382,,0.0,0.0,106470.34
BTC-29AUG25-40000-C,40000.0,Call,2025-08-29,75.08,0.62694882,,0.0,0.0,107117.61555555555
BTC-29AUG25-40000-P,40000.0,Put,2025-08-29,75.08,0.00037012,,0.0,33.9,107117.61555555555
BTC-29AUG25-50000-C,50000.0,Call,2025-08-29,75.08,0.53411376,,0.0,12.4,107117.61555555555
BTC-29AUG25-50000-P,50000.0,Put,2025-08-29,75.08,0.0008904,,0.2,16.0,107117.61555555555
BTC-29AUG25-60000-C,60000.0,Call,2025-08-29,75.08,0.44169444,,0.0,10.3,107117.61555555555
BTC-29AUG25-60000-P,60000.0,Put,2025-08-29,75.08,0.0018264,,1.6,31.1,107117.61555555555
BTC-29AUG25-70000-C,70000.0,Call,2025-08-29,75.08,0.35049056,,0.0,1.3,107117.61555555555
BTC-29AUG25-70000-P,70000.0,Put,2025-08-29,75.08,0.00397785,,0.2,172.9,107117.61555555555
BTC-29AUG25-80000-C,80000.0,Call,2025-08-29,75.08,0.26216661,,0.0,30.9,107117.61555555555
BTC-29AUG25-80000-P,80000.0,Put,2025-08-29,75.08,0.00900922,,32.2,473.8,107117.61555555555
BTC-29AUG25-85000-C,85000.0,Call,2025-08-29,75.08,0.22013081,,0.0,60.0,107117.61555555555
BTC-29AUG25-85000-P,85000.0,Put,2025-08-29,75.08,0.01365108,,27.1,303.0,107117.61555555555
BTC-29AUG25-90000-C,90000.0,Call,2025-08-29,75.08,0.18093897,,0.2,14.3,107117.61555555555
BTC-29AUG25-90000-P,90000.0,Put,2025-08-29,75.08,0.02113691,,15.2,431.0,107117.61555555555
BTC-29AUG25-92000-C,92000.0,Call,2025-08-29,75.08,0.16623789,,0.0,3.9,107117.61555555555
BTC-29AUG25-92000-P,92000.0,Put,2025-08-29,75.08,0.0251069,,5.5,28.8,107117.61555555555
BTC-29AUG25-94000-C,94000.0,Call,2025-08-29,75.08,0.15208791,,0.0,0.0,107117.61555555555
BTC-29AUG25-94000-P,94000.0,Put,2025-08-29,75.08,0.02962798,,0.1,47.6,107117.61555555555
BTC-29AUG25-95000-C,95000.0,Call,2025-08-29,75.08,0.14527955,,0.0,0.0,107117.61555555555
BTC-29AUG25-95000-P,95000.0,Put,2025-08-29,75.08,0.03215515,,0.7,89.2,107117.61555555555
BTC-29AUG25-96000-C,96000.0,Call,2025-08-29,75.08,0.1387133,,0.0,0.2,107117.61555555555
BTC-29AUG25-96000-P,96000.0,Put,2025-08-29,75.08,0.03492444,,1.4,62.1,107117.61555555555
BTC-29AUG25-98000-C,98000.0,Call,2025-08-29,75.08,0.12598225,,0.0,1.0,107117.61555555555
BTC-29AUG25-98000-P,98000.0,Put,2025-08-29,75.08,0.04086445,,50.1,205.5,107117.61555555555
BTC-29AUG25-100000-C,100000.0,Call,2025-08-29,75.08,0.11407717,,0.0,227.9,107117.61555555555
BTC-29AUG25-100000-P,100000.0,Put,2025-08-29,75.08,0.04763044,,28.6,344.6,107117.61555555555
BTC-29AUG25-102000-C,102000.0,Call,2025-08-29,75.08,0.10289991,,0.2,82.0,107117.61555555555
BTC-29AUG25-102000-P,102000.0,Put,2025-08-29,75.08,0.05512424,,0.2,29.9,107117.61555555555
BTC-29AUG25-104000-C,104000.0,Call,2025-08-29,75.08,0.09262966,,0.3,353.0,107117.61555555555
BTC-29AUG25-104000-P,104000.0,Put,2025-08-29,75.08,0.06352506,,0.8,170.2,107117.61555555555
BTC-29AUG25-106000-C,106000.0,Call,2025-08-29,75.08,0.08301666,,0.0,179.5,107117.61555555555
BTC-29AUG25-106000-P,106000.0,Put,2025-08-29,75.08,0.07258313,,0.2,300.0,107117.61555555555
BTC-29AUG25-108000-C,108000.0,Call,2025-08-29,75.08,0.07425432,,0.8,305.7,107117.61555555555
BTC-29AUG25-108000-P,108000.0,Put,2025-08-29,75.08,0.08249185,,0.4,143.6,107117.61555555555
BTC-29AUG25-110000-C,110000.0,Call,2025-08-29,75.08,0.06621011,,0.0,671.3,107118.46888888889
BTC-29AUG25-110000-P,110000.0,Put,2025-08-29,75.08,0.0931187,,0.1,447.9,107117.61555555555
BTC-29AUG25-112000-C,112000.0,Call,2025-08-29,75.08,0.05886202,,51.0,141.3,107118.46888888889
BTC-29AUG25-112000-P,112000.0,Put,2025-08-29,75.08,0.10444168,,0.0,47.6,107117.61555555555
BTC-29AUG25-114000-C,114000.0,Call,2025-08-29,75.08,0.05231105,,0.0,37.9,107117.61555555555
BTC-29AUG25-114000-P,114000.0,Put,2025-08-29,75.08,0.11656178,,0.0,2.4,107117.61555555555
BTC-29AUG25-116000-C,116000.0,Call,2025-08-29,75.08,0.0463521,,0.1,229.7,107117.61555555555
BTC-29AUG25-116000-P,116000.0,Put,2025-08-29,75.08,0.12927389,,0.0,3.5,107117.61555555555
BTC-29AUG25-118000-C,118000.0,Call,2025-08-29,75.08,0.04096995,,0.9,54.0,107117.61555555555
BTC-29AUG25-118000-P,118000.0,Put,2025-08-29,75.08,0.1425628,,0.0,0.0,107117.61555555555
BTC-29AUG25-120000-C,120000.0,Call,2025-08-29,75.08,0.03611223,,0.1,710.6,107117.61555555555
BTC-29AUG25-120000-P,120000.0,Put,2025-08-29,75.08,0.15637616,,0.0,0.0,107117.61555555555
BTC-29AUG25-122000-C,122000.0,Call,2025-08-29,75.08,0.0318842,,0.0,202.1,107117.61555555555
BTC-29AUG25-122000-P,122000.0,Put,2025-08-29,75.08,0.17081918,,0.0,0.0,107117.61555555555
BTC-29AUG25-124000-C,124000.0,Call,2025-08-29,75.08,0.02815176,,0.4,9.4,107117.61555555555
BTC-29AUG25-124000-P,124000.0,Put,2025-08-29,75.08,0.18575782,,0.0,0.0,107117.61555555555
BTC-29AUG25-125000-C,125000.0,Call,2025-08-29,75.08,0.02637204,,3.3,224.2,107117.61555555555
BTC-29AUG25-125000-P,125000.0,Put,2025-08-29,75.08,0.19331362,,0.0,0.0,107117.61555555555
BTC-29AUG25-126000-C,126000.0,Call,2025-08-29,75.08,0.02479984,,1.4,126.0,107117.61555555555
BTC-29AUG25-126000-P,126000.0,Put,2025-08-29,75.08,0.20107696,,0.0,0.0,107117.61555555555
BTC-29AUG25-130000-C,130000.0,Call,2025-08-29,75.08,0.0191452,,30.5,638.3,107117.61555555555
BTC-29AUG25-130000-P,130000.0,Put,2025-08-29,75.08,0.23276444,,0.0,0.1,107117.61555555555
BTC-29AUG25-135000-C,135000.0,Call,2025-08-29,75.08,0.0139624,,23.0,435.9,107117.61555555555
BTC-29AUG25-135000-P,135000.0,Put,2025-08-29,75.08,0.27425931,,0.0,0.0,107117.61555555555
BTC-29AUG25-140000-C,140000.0,Call,2025-08-29,75.08,0.01038882,,11.3,551.2,107117.61555555555
BTC-29AUG25-140000-P,140000.0,Put,2025-08-29,75.08,0.31736339,,0.0,0.0,107117.61555555555
BTC-29AUG25-145000-C,145000.0,Call,2025-08-29,75.08,0.0076023,,6.3,312.5,107117.61555555555
BTC-29AUG25-145000-P,145000.0,Put,2025-08-29,75.08,0.36125454,,0.0,0.0,107117.61555555555
BTC-29AUG25-150000-C,150000.0,Call,2025-08-29,75.08,0.00588894,,0.1,1443.4,107117.61555555555
BTC-29AUG25-150000-P,150000.0,Put,2025-08-29,75.08,0.40621884,,0.0,0.0,107117.61555555555
BTC-29AUG25-160000-C,160000.0,Call,2025-08-29,75.08,0.00348119,,0.0,82.7,107117.61555555555
BTC-29AUG25-160000-P,160000.0,Put,2025-08-29,75.08,0.49716642,,0.0,0.0,107117.61555555555
BTC-29AUG25-170000-C,170000.0,Call,2025-08-29,75.08,0.00229891,,0.2,120.6,107117.61555555555
BTC-29AUG25-170000-P,170000.0,Put,2025-08-29,75.08,0.58933947,,0.0,0.0,107117.61555555555
BTC-29AUG25-180000-C,180000.0,Call,2025-08-29,75.08,0.00156029,,0.1,55.4,107117.61555555555
BTC-29AUG25-180000-P,180000.0,Put,2025-08-29,75.08,0.68195617,,0.0,0.0,107117.61555555555
BTC-29AUG25-190000-C,190000.0,Call,2025-08-29,75.08,0.00116944,,0.2,99.5,107117.61555555555
BTC-29AUG25-190000-P,190000.0,Put,2025-08-29,75.08,0.77492065,,0.0,0.0,107117.61555555555
BTC-26SEP25-20000-C,20000.0,Call,2025-09-26,103.08,0.8142655,,0.0,34.0,107635.9
BTC-26SEP25-20000-P,20000.0,Put,2025-09-26,103.08,7.581e-05,,0.0,391.0,107635.9
BTC-26SEP25-30000-C,30000.0,Call,2025-09-26,103.08,0.72155007,,0.0,21.9,107635.9
BTC-26SEP25-30000-P,30000.0,Put,2025-09-26,103.08,0.00026555,,0.0,466.3,107635.9
BTC-26SEP25-40000-C,40000.0,Call,2025-09-26,103.08,0.62918112,,0.0,10.6,107635.9
BTC-26SEP25-40000-P,40000.0,Put,2025-09-26,103.08,0.00080175,,0.0,491.2,107635.9
BTC-26SEP25-50000-C,50000.0,Call,2025-09-26,103.08,0.53705225,,0.0,53.9,107635.9
BTC-26SEP25-50000-P,50000.0,Put,2025-09-26,103.08,0.00157804,,0.0,579.2,107635.9
BTC-26SEP25-55000-C,55000.0,Call,2025-09-26,103.08,0.49134806,,0.0,10.2,107635.9
BTC-26SEP25-55000-P,55000.0,Put,2025-09-26,103.08,0.00232643,,0.0,441.0,107635.9
BTC-26SEP25-60000-C,60000.0,Call,2025-09-26,103.08,0.44594154,,0.0,46.3,107635.9
BTC-26SEP25-60000-P,60000.0,Put,2025-09-26,103.08,0.00337249,,0.5,1897.2,107635.9
BTC-26SEP25-65000-C,65000.0,Call,2025-09-26,103.08,0.401134,,0.0,39.2,107635.9
BTC-26SEP25-65000-P,65000.0,Put,2025-09-26,103.08,0.00501753,,0.2,458.9,107635.9
BTC-26SEP25-70000-C,70000.0,Call,2025-09-26,103.08,0.35667928,,0.0,484.3,107635.9
BTC-26SEP25-70000-P,70000.0,Put,2025-09-26,103.08,0.00701539,,0.5,846.7,107635.9
BTC-26SEP25-75000-C,75000.0,Call,2025-09-26,103.08,0.3132415,,0.0,203.2,107635.9
BTC-26SEP25-75000-P,75000.0,Put,2025-09-26,103.08,0.01003018,,25.1,1468.6,107635.9
BTC-26SEP25-80000-C,80000.0,Call,2025-09-26,103.08,0.27128186,,0.0,1130.0,107635.9
BTC-26SEP25-80000-P,80000.0,Put,2025-09-26,103.08,0.01452312,,0.9,2305.2,107635.9
BTC-26SEP25-85000-C,85000.0,Call,2025-09-26,103.08,0.23127482,,0.3,471.2,107634.53
BTC-26SEP25-85000-P,85000.0,Put,2025-09-26,103.08,0.02096866,,1.1,1056.8,107635.9
BTC-26SEP25-90000-C,90000.0,Call,2025-09-26,103.08,0.19416831,,0.0,1283.2,107635.9
BTC-26SEP25-90000-P,90000.0,Put,2025-09-26,103.08,0.03031473,,0.6,936.9,107635.9
BTC-26SEP25-95000-C,95000.0,Call,2025-09-26,103.08,0.16057663,,0.0,1078.1,107635.9
BTC-26SEP25-95000-P,95000.0,Put,2025-09-26,103.08,0.04317563,,19.0,1563.0,107635.9
BTC-26SEP25-100000-C,100000.0,Call,2025-09-26,103.08,0.13110722,,1.9,2656.4,107634.53
BTC-26SEP25-100000-P,100000.0,Put,2025-09-26,103.08,0.06015881,,14.3,1258.5,107635.9
BTC-26SEP25-105000-C,105000.0,Call,2025-09-26,103.08,0.10559794,,4.8,845.9,107635.9
BTC-26SEP25-105000-P,105000.0,Put,2025-09-26,103.08,0.0811021,,1.1,841.3,107635.9
BTC-26SEP25-110000-C,110000.0,Call,2025-09-26,103.08,0.08445968,,61.6,2442.6,107635.9
BTC-26SEP25-110000-P,110000.0,Put,2025-09-26,103.08,0.10641642,,0.0,750.0,107635.9
BTC-26SEP25-115000-C,115000.0,Call,2025-09-26,103.08,0.06693601,,0.2,5322.8,107635.9
BTC-26SEP25-115000-P,115000.0,Put,2025-09-26,103.08,0.13534533,,0.0,135.3,107635.9
BTC-26SEP25-120000-C,120000.0,Call,2025-09-26,103.08,0.05281855,,0.8,2220.4,107635.9
BTC-26SEP25-120000-P,120000.0,Put,2025-09-26,103.08,0.16768045,,0.0,170.1,107635.9
BTC-26SEP25-125000-C,125000.0,Call,2025-09-26,103.08,0.04159991,,0.5,1694.4,107635.9
BTC-26SEP25-125000-P,125000.0,Put,2025-09-26,103.08,0.20291439,,25.0,28.7,107635.9
BTC-26SEP25-130000-C,130000.0,Call,2025-09-26,103.08,0.03270882,,1.8,2945.5,107635.9
BTC-26SEP25-130000-P,130000.0,Put,2025-09-26,103.08,0.24047588,,0.0,44.5,107635.9
BTC-26SEP25-140000-C,140000.0,Call,2025-09-26,103.08,0.02036165,,8.6,6990.3,107635.9
BTC-26SEP25-140000-P,140000.0,Put,2025-09-26,103.08,0.32103386,,0.0,12.8,107635.9
BTC-26SEP25-150000-C,150000.0,Call,2025-09-26,103.08,0.01294408,,50.3,2956.0,107634.53
BTC-26SEP25-150000-P,150000.0,Put,2025-09-26,103.08,0.40652146,,0.0,8.4,107635.9
BTC-26SEP25-160000-C,160000.0,Call,2025-09-26,103.08,0.0084402,,0.1,1251.3,107635.9
BTC-26SEP25-160000-P,160000.0,Put,2025-09-26,103.08,0.49492273,,0.0,8.7,107635.9
BTC-26SEP25-170000-C,170000.0,Call,2025-09-26,103.08,0.0055825,,4.3,251.4,107635.9
BTC-26SEP25-170000-P,170000.0,Put,2025-09-26,103.08,0.58497019,,0.0,2.2,107635.9
BTC-26SEP25-180000-C,180000.0,Call,2025-09-26,103.08,0.00386255,,1.1,603.8,107635.9
BTC-26SEP25-180000-P,180000.0,Put,2025-09-26,103.08,0.6761554,,0.0,8.1,107635.9
BTC-26SEP25-190000-C,190000.0,Call,2025-09-26,103.08,0.002786,,0.0,499.1,107635.9
BTC-26SEP25-190000-P,190000.0,Put,2025-09-26,103.08,0.767984,,0.0,0.7,107635.9
BTC-26SEP25-200000-C,200000.0,Call,2025-09-26,103.08,0.00233061,,3.5,3119.8,107635.9
BTC-26SEP25-200000-P,200000.0,Put,2025-09-26,103.08,0.86043377,,0.0,4.5,107635.9
BTC-26SEP25-210000-C,210000.0,Call,2025-09-26,103.08,0.00163574,,2.0,369.0,107635.9
BTC-26SEP25-210000-P,210000.0,Put,2025-09-26,103.08,0.95264406,,0.0,0.0,107635.9
BTC-26SEP25-220000-C,220000.0,Call,2025-09-26,103.08,0.00121589,,2.0,582.8,107635.9
BTC-26SEP25-220000-P,220000.0,Put,2025-09-26,103.08,1.04512937,,0.0,1.4,107635.9
BTC-26SEP25-240000-C,240000.0,Call,2025-09-26,103.08,0.0008188,,0.4,829.2,107635.9
BTC-26SEP25-240000-P,240000.0,Put,2025-09-26,103.08,1.23054259,,0.0,0.0,107635.9
BTC-26SEP25-260000-C,260000.0,Call,2025-09-26,103.08,0.00048745,,0.9,615.9,107635.9
BTC-26SEP25-260000-P,260000.0,Put,2025-09-26,103.08,1.41602156,,0.0,2.5,107635.9
BTC-26SEP25-280000-C,280000.0,Call,2025-09-26,103.08,0.00032278,,0.0,1164.5,107635.9
BTC-26SEP25-280000-P,280000.0,Put,2025-09-26,103.08,1.60166722,,0.0,0.0,107635.9
BTC-26SEP25-300000-C,300000.0,Call,2025-09-26,103.08,0.00032276,,2.0,1835.9,107635.9
BTC-26SEP25-300000-P,300000.0,Put,2025-09-26,103.08,1.78747751,,0.0,0.4,107635.9
BTC-26SEP25-400000-C,400000.0,Call,2025-09-26,103.08,0.00023894,,10.0,325.7,107635.9
BTC-26SEP25-400000-P,400000.0,Put,2025-09-26,103.08,2.71644526,,0.0,0.0,107635.9
BTC-26DEC25-20000-C,20000.0,Call,2025-12-26,194.08,0.81807804,,0.0,20.6,109611.05
BTC-26DEC25-20000-P,20000.0,Put,2025-12-26,194.08,0.00054058,,0.0,331.2,109611.63
BTC-26DEC25-30000-C,30000.0,Call,2025-12-26,194.08,0.72740667,,0.0,30.3,109611.05
BTC-26DEC25-30000-P,30000.0,Put,2025-12-26,194.08,0.00110048,,0.5,128.8,109611.05
BTC-26DEC25-40000-C,40000.0,Call,2025-12-26,194.08,0.63756524,,0.0,11.3,109611.05
BTC-26DEC25-40000-P,40000.0,Put,2025-12-26,194.08,0.00249032,,0.3,280.4,109611.63
BTC-26DEC25-50000-C,50000.0,Call,2025-12-26,194.08,0.54893483,,0.0,10.6,109611.05
BTC-26DEC25-50000-P,50000.0,Put,2025-12-26,194.08,0.00509118,,0.0,919.9,109611.05
BTC-26DEC25-60000-C,60000.0,Call,2025-12-26,194.08,0.46210467,,0.0,4.7,109611.05
BTC-26DEC25-60000-P,60000.0,Put,2025-12-26,194.08,0.00949229,,0.3,608.9,109611.63
BTC-26DEC25-65000-C,65000.0,Call,2025-12-26,194.08,0.41955809,,0.0,0.9,109611.05
BTC-26DEC25-65000-P,65000.0,Put,2025-12-26,194.08,0.01256135,,0.0,2059.9,109611.05
BTC-26DEC25-70000-C,70000.0,Call,2025-12-26,194.08,0.37872861,,0.0,13.5,109611.05
BTC-26DEC25-70000-P,70000.0,Put,2025-12-26,194.08,0.0173475,,0.5,1026.4,109611.05
BTC-26DEC25-75000-C,75000.0,Call,2025-12-26,194.08,0.33909038,,0.0,20.6,109611.05
BTC-26DEC25-75000-P,75000.0,Put,2025-12-26,194.08,0.02332491,,1.0,508.3,109611.05
BTC-26DEC25-80000-C,80000.0,Call,2025-12-26,194.08,0.30164451,,0.0,252.9,109611.63
BTC-26DEC25-80000-P,80000.0,Put,2025-12-26,194.08,0.03149467,,0.2,1465.0,109611.05
BTC-26DEC25-85000-C,85000.0,Call,2025-12-26,194.08,0.26657036,,0.0,147.3,109611.63
BTC-26DEC25-85000-P,85000.0,Put,2025-12-26,194.08,0.04203615,,3.8,1113.7,109611.63
BTC-26DEC25-90000-C,90000.0,Call,2025-12-26,194.08,0.23408017,,0.0,1130.3,109611.05
BTC-26DEC25-90000-P,90000.0,Put,2025-12-26,194.08,0.0551616,,10.6,795.6,109611.05
BTC-26DEC25-95000-C,95000.0,Call,2025-12-26,194.08,0.20509588,,0.0,856.8,109611.05
BTC-26DEC25-95000-P,95000.0,Put,2025-12-26,194.08,0.07179295,,0.4,764.5,109611.63
BTC-26DEC25-100000-C,100000.0,Call,2025-12-26,194.08,0.17819313,,0.0,1445.9,109611.05
BTC-26DEC25-100000-P,100000.0,Put,2025-12-26,194.08,0.09050583,,1.0,526.6,109611.05
BTC-26DEC25-105000-C,105000.0,Call,2025-12-26,194.08,0.15459302,,0.0,986.5,109611.05
BTC-26DEC25-105000-P,105000.0,Put,2025-12-26,194.08,0.11252136,,0.0,580.8,109611.63
BTC-26DEC25-110000-C,110000.0,Call,2025-12-26,194.08,0.13414172,,0.0,854.1,109611.63
BTC-26DEC25-110000-P,110000.0,Put,2025-12-26,194.08,0.13768569,,0.0,325.7,109611.63
BTC-26DEC25-115000-C,115000.0,Call,2025-12-26,194.08,0.1159703,,1.0,387.8,109611.63
BTC-26DEC25-115000-P,115000.0,Put,2025-12-26,194.08,0.16512991,,0.0,28.9,109611.63
BTC-26DEC25-120000-C,120000.0,Call,2025-12-26,194.08,0.10065986,,2.0,1301.6,109611.63
BTC-26DEC25-120000-P,120000.0,Put,2025-12-26,194.08,0.1954351,,0.0,146.7,109611.63
BTC-26DEC25-125000-C,125000.0,Call,2025-12-26,194.08,0.08644334,,1.0,1057.7,109611.63
BTC-26DEC25-125000-P,125000.0,Put,2025-12-26,194.08,0.22683422,,0.0,2.2,109611.05
BTC-26DEC25-130000-C,130000.0,Call,2025-12-26,194.08,0.07468024,,3.0,1200.6,109611.63
BTC-26DEC25-130000-P,130000.0,Put,2025-12-26,194.08,0.26068675,,30.0,32.5,109611.05
BTC-26DEC25-140000-C,140000.0,Call,2025-12-26,194.08,0.05567547,,0.0,1958.9,109611.05
BTC-26DEC25-140000-P,140000.0,Put,2025-12-26,194.08,0.33291325,,0.0,107.0,109611.05
BTC-26DEC25-150000-C,150000.0,Call,2025-12-26,194.08,0.0418929,,0.7,1901.0,109611.63
BTC-26DEC25-150000-P,150000.0,Put,2025-12-26,194.08,0.41036195,,0.0,4.4,109611.05
BTC-26DEC25-160000-C,160000.0,Call,2025-12-26,194.08,0.03193499,,0.1,744.1,109611.63
BTC-26DEC25-160000-P,160000.0,Put,2025-12-26,194.08,0.49163531,,0.0,101.0,109611.05
BTC-26DEC25-170000-C,170000.0,Call,2025-12-26,194.08,0.0246466,,55.4,3927.1,109611.05
BTC-26DEC25-170000-P,170000.0,Put,2025-12-26,194.08,0.57557819,,0.0,0.0,109611.05
BTC-26DEC25-180000-C,180000.0,Call,2025-12-26,194.08,0.01917988,,0.1,1824.9,109611.63
BTC-26DEC25-180000-P,180000.0,Put,2025-12-26,194.08,0.66134274,,0.0,0.0,109611.05
BTC-26DEC25-190000-C,190000.0,Call,2025-12-26,194.08,0.01529323,,5.0,727.9,109611.05
BTC-26DEC25-190000-P,190000.0,Put,2025-12-26,194.08,0.74868736,,0.0,0.0,109611.05
BTC-26DEC25-200000-C,200000.0,Call,2025-12-26,194.08,0.01211024,,7.3,1133.1,109611.63
BTC-26DEC25-200000-P,200000.0,Put,2025-12-26,194.08,0.83673564,,0.0,0.2,109611.05
BTC-26DEC25-210000-C,210000.0,Call,2025-12-26,194.08,0.00983619,,1.3,131.9,109611.05
BTC-26DEC25-210000-P,210000.0,Put,2025-12-26,194.08,0.92569286,,0.0,0.0,109611.05
BTC-26DEC25-220000-C,220000.0,Call,2025-12-26,194.08,0.00793748,,0.1,178.1,109611.63
BTC-26DEC25-220000-P,220000.0,Put,2025-12-26,194.08,1.01502542,,0.0,0.0,109611.63
BTC-26DEC25-230000-C,230000.0,Call,2025-12-26,194.08,0.0065153,,0.0,192.4,109611.05
BTC-26DEC25-230000-P,230000.0,Put,2025-12-26,194.08,1.10483451,,0.0,0.0,109611.05
BTC-26DEC25-240000-C,240000.0,Call,2025-12-26,194.08,0.00518778,,0.0,216.4,109611.05
BTC-26DEC25-240000-P,240000.0,Put,2025-12-26,194.08,1.19473826,,0.0,0.1,109611.05
BTC-26DEC25-260000-C,260000.0,Call,2025-12-26,194.08,0.00366171,,0.0,176.6,109611.63
BTC-26DEC25-260000-P,260000.0,Put,2025-12-26,194.08,1.37567473,,0.0,0.0,109611.05
BTC-26DEC25-280000-C,280000.0,Call,2025-12-26,194.08,0.00282878,,1.0,116.4,109611.05
BTC-26DEC25-280000-P,280000.0,Put,2025-12-26,194.08,1.55730434,,0.0,0.0,109611.05
BTC-26DEC25-300000-C,300000.0,Call,2025-12-26,194.08,0.0018807,,0.0,241.5,109611.05
BTC-26DEC25-300000-P,300000.0,Put,2025-12-26,194.08,1.7388188,,0.0,0.1,109611.05
BTC-26DEC25-320000-C,320000.0,Call,2025-12-26,194.08,0.0015351,,0.0,133.6,109611.05
BTC-26DEC25-320000-P,320000.0,Put,2025-12-26,194.08,1.92093574,,0.0,0.0,109611.63
BTC-26DEC25-340000-C,340000.0,Call,2025-12-26,194.08,0.00133499,,0.0,198.7,109611.05
BTC-26DEC25-340000-P,340000.0,Put,2025-12-26,194.08,2.10319817,,0.0,0.0,109611.63
BTC-26DEC25-400000-C,400000.0,Call,2025-12-26,194.08,0.00055958,,0.0,539.5,109611.05
BTC-26DEC25-400000-P,400000.0,Put,2025-12-26,194.08,2.64981038,,0.0,0.0,109611.05
BTC-27MAR26-20000-C,20000.0,Call,2026-03-27,285.08,0.82160709,,0.0,5.3,111564.98
BTC-27MAR26-20000-P,20000.0,Put,2026-03-27,285.08,0.00087263,,0.0,97.1,111564.98
BTC-27MAR26-30000-C,30000.0,Call,2026-03-27,285.08,0.73334807,,0.0,17.3,111566.35
BTC-27MAR26-30000-P,30000.0,Put,2026-03-27,285.08,0.00224637,,0.0,128.6,111566.35
BTC-27MAR26-40000-C,40000.0,Call,2026-03-27,285.08,0.64623777,,0.0,0.0,111566.35
BTC-27MAR26-40000-P,40000.0,Put,2026-03-27,285.08,0.00476885,,0.0,128.7,111564.98
BTC-27MAR26-50000-C,50000.0,Call,2026-03-27,285.08,0.56074496,,0.0,8.0,111564.98
BTC-27MAR26-50000-P,50000.0,Put,2026-03-27,285.08,0.0089088,,0.0,235.4,111564.98
BTC-27MAR26-60000-C,60000.0,Call,2026-03-27,285.08,0.47761699,,0.0,27.2,111564.98
BTC-27MAR26-60000-P,60000.0,Put,2026-03-27,285.08,0.01541361,,0.0,151.3,111564.98
BTC-27MAR26-65000-C,65000.0,Call,2026-03-27,285.08,0.43849265,,0.0,2.0,111564.98
BTC-27MAR26-65000-P,65000.0,Put,2026-03-27,285.08,0.02110565,,0.2,61.2,111566.35
BTC-27MAR26-70000-C,70000.0,Call,2026-03-27,285.08,0.40034098,,0.0,3.7,111564.98
BTC-27MAR26-70000-P,70000.0,Put,2026-03-27,285.08,0.02777037,,1.2,259.5,111564.98
BTC-27MAR26-75000-C,75000.0,Call,2026-03-27,285.08,0.36404313,,0.0,9.2,111564.98
BTC-27MAR26-75000-P,75000.0,Put,2026-03-27,285.08,0.0362889,,0.2,132.2,111566.35
BTC-27MAR26-80000-C,80000.0,Call,2026-03-27,285.08,0.32954607,,0.0,13.8,111564.98
BTC-27MAR26-80000-P,80000.0,Put,2026-03-27,285.08,0.04660823,,0.1,578.8,111566.35
BTC-27MAR26-85000-C,85000.0,Call,2026-03-27,285.08,0.29771904,,41.0,69.0,111566.35
BTC-27MAR26-85000-P,85000.0,Put,2026-03-27,285.08,0.05959758,,20.0,149.1,111564.98
BTC-27MAR26-90000-C,90000.0,Call,2026-03-27,285.08,0.26794882,,115.9,124.0,111564.98
BTC-27MAR26-90000-P,90000.0,Put,2026-03-27,285.08,0.07464375,,0.0,263.7,111564.98
BTC-27MAR26-95000-C,95000.0,Call,2026-03-27,285.08,0.24062314,,41.0,167.6,111564.98
BTC-27MAR26-95000-P,95000.0,Put,2026-03-27,285.08,0.09213444,,0.1,396.3,111566.35
BTC-27MAR26-100000-C,100000.0,Call,2026-03-27,285.08,0.21583565,,0.0,1055.0,111566.35
BTC-27MAR26-100000-P,100000.0,Put,2026-03-27,285.08,0.11216335,,0.0,88.5,111566.35
BTC-27MAR26-105000-C,105000.0,Call,2026-03-27,285.08,0.19320736,,0.0,154.9,111564.98
BTC-27MAR26-105000-P,105000.0,Put,2026-03-27,285.08,0.13435143,,0.1,41.1,111564.98
BTC-27MAR26-110000-C,110000.0,Call,2026-03-27,285.08,0.17281325,,1.6,153.9,111564.98
BTC-27MAR26-110000-P,110000.0,Put,2026-03-27,285.08,0.15877371,,1.4,136.5,111564.98
BTC-27MAR26-115000-C,115000.0,Call,2026-03-27,285.08,0.15433361,,0.0,136.4,111564.98
BTC-27MAR26-115000-P,115000.0,Put,2026-03-27,285.08,0.18511046,,0.2,36.9,111564.98
BTC-27MAR26-120000-C,120000.0,Call,2026-03-27,285.08,0.13816728,,0.2,87.8,111564.98
BTC-27MAR26-120000-P,120000.0,Put,2026-03-27,285.08,0.21376051,,0.0,39.6,111564.98
BTC-27MAR26-125000-C,125000.0,Call,2026-03-27,285.08,0.12378986,,0.0,20.5,111566.35
BTC-27MAR26-125000-P,125000.0,Put,2026-03-27,285.08,0.24419948,,0.0,0.1,111564.98
BTC-27MAR26-130000-C,130000.0,Call,2026-03-27,285.08,0.11139581,,0.0,84.0,111564.98
BTC-27MAR26-130000-P,130000.0,Put,2026-03-27,285.08,0.2766218,,0.0,7.0,111566.35
BTC-27MAR26-135000-C,135000.0,Call,2026-03-27,285.08,0.09976688,,0.0,59.2,111564.98
BTC-27MAR26-135000-P,135000.0,Put,2026-03-27,285.08,0.30980926,,0.0,0.2,111566.35
BTC-27MAR26-140000-C,140000.0,Call,2026-03-27,285.08,0.08957845,,0.1,548.7,111564.98
BTC-27MAR26-140000-P,140000.0,Put,2026-03-27,285.08,0.34443722,,0.0,1.3,111564.98
BTC-27MAR26-150000-C,150000.0,Call,2026-03-27,285.08,0.07246624,,0.7,346.4,111564.98
BTC-27MAR26-150000-P,150000.0,Put,2026-03-27,285.08,0.41695777,,0.0,11.5,111564.98
BTC-27MAR26-160000-C,160000.0,Call,2026-03-27,285.08,0.05887194,,0.3,109.6,111564.98
BTC-27MAR26-160000-P,160000.0,Put,2026-03-27,285.08,0.49299625,,0.0,0.1,111566.35
BTC-27MAR26-170000-C,170000.0,Call,2026-03-27,285.08,0.0481243,,2.0,39.5,111564.98
BTC-27MAR26-170000-P,170000.0,Put,2026-03-27,285.08,0.57188138,,0.0,2.0,111564.98
BTC-27MAR26-180000-C,180000.0,Call,2026-03-27,285.08,0.03978473,,0.6,68.7,111566.35
BTC-27MAR26-180000-P,180000.0,Put,2026-03-27,285.08,0.65317458,,0.0,0.0,111564.98
BTC-27MAR26-190000-C,190000.0,Call,2026-03-27,285.08,0.03329185,,0.0,577.5,111566.35
BTC-27MAR26-190000-P,190000.0,Put,2026-03-27,285.08,0.73631447,,0.0,0.0,111564.98
BTC-27MAR26-200000-C,200000.0,Call,2026-03-27,285.08,0.02767878,,0.3,199.1,111566.35
BTC-27MAR26-200000-P,200000.0,Put,2026-03-27,285.08,0.82033416,,0.0,0.0,111564.98
BTC-27MAR26-210000-C,210000.0,Call,2026-03-27,285.08,0.02288954,,0.0,53.6,111566.35
BTC-27MAR26-210000-P,210000.0,Put,2026-03-27,285.08,0.9051777,,0.0,0.0,111566.35
BTC-27MAR26-220000-C,220000.0,Call,2026-03-27,285.08,0.01896407,,4.1,47.7,111564.98
BTC-27MAR26-220000-P,220000.0,Put,2026-03-27,285.08,0.990885,,0.0,0.0,111564.98
BTC-27MAR26-230000-C,230000.0,Call,2026-03-27,285.08,0.0166975,,10.0,77.2,111564.98
BTC-27MAR26-230000-P,230000.0,Put,2026-03-27,285.08,1.07825119,,0.0,0.0,111566.35
BTC-27MAR26-240000-C,240000.0,Call,2026-03-27,285.08,0.01372931,,9.0,113.2,111564.98
BTC-27MAR26-240000-P,240000.0,Put,2026-03-27,285.08,1.16491577,,0.0,0.0,111564.98
BTC-27MAR26-260000-C,260000.0,Call,2026-03-27,285.08,0.01069081,,0.0,84.9,111564.98
BTC-27MAR26-260000-P,260000.0,Put,2026-03-27,285.08,1.34114281,,0.0,0.0,111564.98
BTC-27MAR26-280000-C,280000.0,Call,2026-03-27,285.08,0.00795056,,0.0,126.7,111564.98
BTC-27MAR26-280000-P,280000.0,Put,2026-03-27,285.08,1.5176681,,0.0,0.0,111564.98
BTC-27MAR26-300000-C,300000.0,Call,2026-03-27,285.08,0.00644362,,0.0,114.5,111566.35
BTC-27MAR26-300000-P,300000.0,Put,2026-03-27,285.08,1.6954267,,0.0,0.0,111564.98
BTC-27MAR26-320000-C,320000.0,Call,2026-03-27,285.08,0.00470512,,0.2,55.6,111564.98
BTC-27MAR26-320000-P,320000.0,Put,2026-03-27,285.08,1.87295374,,0.0,0.0,111566.35
BTC-27MAR26-340000-C,340000.0,Call,2026-03-27,285.08,0.00402069,,0.0,69.2,111564.98
BTC-27MAR26-340000-P,340000.0,Put,2026-03-27,285.08,2.05153484,,0.0,0.0,111564.98
